,230,235,240,245,250,255,260,265,270,275,280,285,290,295,300,305,310,315,320,325,330,335,340,345,350,355,360,365,370,375,380,385,390,395,400,405,410,415,420,425,430,435,440,445,450,455
290,,15113.642,10991.176,7463.5195,4737.3555,5459.0703,44991.273,192967,84023.152,11780.715,12001.67,0,0,0,0,0,0,0,0,0,0,0,0,0,0,0,0,0,0,0,0,0,0,0,0,0,0,0,0,0,0,0,0,0,0,0
294,,17496.791,14418.59,10649.758,5805.2422,6745.4219,11835.961,132028.4,234879.49,46106.66,14764.976,13910.441,0,0,0,0,0,0,0,0,0,0,0,0,0,0,0,0,0,0,0,0,0,0,0,0,0,0,0,0,0,0,0,0,0,0
298,,26826.85,15215.121,11525.16,10473.683,8414.0273,10489.773,39461.59,256747.33,195290.37,26007.961,16132.064,14985.836,0,0,0,0,0,0,0,0,0,0,0,0,0,0,0,0,0,0,0,0,0,0,0,0,0,0,0,0,0,0,0,0,0
302,,38515.404,18499.312,14665.672,11906.098,11235.379,14846.367,19663.514,118677.71,347374.42,120613.79,21921.924,16005.238,0,0,0,0,0,0,0,0,0,0,0,0,0,0,0,0,0,0,0,0,0,0,0,0,0,0,0,0,0,0,0,0,0
306,,44291.625,24723.266,16229.34,14526.094,16682.363,18086.098,21590.844,39659.57,253998.45,346651.15,79900.578,18525.09,16395.308,0,0,0,0,0,0,0,0,0,0,0,0,0,0,0,0,0,0,0,0,0,0,0,0,0,0,0,0,0,0,0,0
310,,40825.848,25358.539,19738.371,18571.73,19347.996,21722.185,25425.359,32815.764,87926.111,400963.58,278393.47,42184.742,17112.404,18965.022,0,0,0,0,0,0,0,0,0,0,0,0,0,0,0,0,0,0,0,0,0,0,0,0,0,0,0,0,0,0,0
314,,57336.766,32758.426,25338.043,23200.109,23818.683,27813.598,31480.266,35255.961,43451.443,196231.61,449497.95,170939.69,24635.269,16848.992,21716.159,0,0,0,0,0,0,0,0,0,0,0,0,0,0,0,0,0,0,0,0,0,0,0,0,0,0,0,0,0,0
318,,68127.092,42003.777,28779.832,26528.988,27864.305,32357.742,36352.15,42852.271,45250.408,65686.492,332534.9,405170.13,87882.924,19393.763,18971.694,0,0,0,0,0,0,0,0,0,0,0,0,0,0,0,0,0,0,0,0,0,0,0,0,0,0,0,0,0,0
322,,66487.81,38534.551,33566.57,33534.078,35508.742,37910.74,43951.807,49521.586,53708.73,53089.262,134923.06,458855.28,298663.97,32980.04,19794.914,20243.14,0,0,0,0,0,0,0,0,0,0,0,0,0,0,0,0,0,0,0,0,0,0,0,0,0,0,0,0,0
326,,89745.816,52760.078,45202.226,38545.738,39088.637,45470.576,53891.754,58673.07,59835.951,59209.193,64940.207,258041.05,518774.73,163029.1,27038.779,21148.44,22271.774,0,0,0,0,0,0,0,0,0,0,0,0,0,0,0,0,0,0,0,0,0,0,0,0,0,0,0,0
330,,110658.12,62230.73,46146.574,47499.719,47373.41,51915.447,57968.219,66164.127,69765.963,67376.748,63258.834,97259.525,418414.33,485725.73,92727.439,25086.796,23193.823,24253.725,0,0,0,0,0,0,0,0,0,0,0,0,0,0,0,0,0,0,0,0,0,0,0,0,0,0,0
334,,123471.17,68345.527,60343.433,55081.898,55527.879,60353.719,65753.162,75008.146,77988.588,75611.066,71278.84,65649.234,173732.39,576087.2,332657.5,53184.184,26848.616,25045.053,26250.111,0,0,0,0,0,0,0,0,0,0,0,0,0,0,0,0,0,0,0,0,0,0,0,0,0,0
338,,125247.58,82136.101,72042.355,63648.91,66474.609,73455.256,78456.529,85177.732,87387.238,85629.203,80862.383,72498.152,75545.197,307935.12,567427.64,190344.06,36923.392,28894.916,27524.117,29583.36,0,0,0,0,0,0,0,0,0,0,0,0,0,0,0,0,0,0,0,0,0,0,0,0,0
342,,144085.52,103943.66,82106.699,77704.16,76618.41,83272.57,89417.035,95075.609,100669.61,100745.39,93441.514,83514.738,74398.943,109309.46,476835.71,455498.84,100434.73,34745.98,32025.85,30657.302,0,0,0,0,0,0,0,0,0,0,0,0,0,0,0,0,0,0,0,0,0,0,0,0,0
346,,164685.42,110250.8,100190.18,94350.762,92921.391,96624.215,101521.87,109976.21,115819.64,114338.71,107732.8,97375.002,87329.59,79887.594,231957.87,586058.69,312396.85,52650.895,39959.72,35052.716,33391.765,0,0,0,0,0,0,0,0,0,0,0,0,0,0,0,0,0,0,0,0,0,0,0,0
350,,174074.5,134804.26,123000.01,107977.53,109771.62,110275.56,117951.38,123340.72,128649.11,128190.78,122448.72,113973.24,102558.2,92350.793,116144.04,415036.88,584877.58,158665.17,51543.273,44088.65,36817.574,36200.426,0,0,0,0,0,0,0,0,0,0,0,0,0,0,0,0,0,0,0,0,0,0,0
354,,197506.41,154744.85,145246.42,134874.03,132406.52,135493.08,135145.52,137615.39,143895.25,144051.78,139249.26,131501.96,121161.91,110760.07,106159.03,198554.99,586447.97,460209.56,99852.218,55302.258,46348.652,38085.153,39059.241,0,0,0,0,0,0,0,0,0,0,0,0,0,0,0,0,0,0,0,0,0,0
358,,210846.9,163455.59,173038.62,161293.34,155832.2,155901,153847.63,158378.69,158934.62,162978.5,156918.42,149674.24,138549.11,127932.12,121334.46,128870.52,334025,695457.47,290891,79731.232,57615.531,47258.29,40290.767,0,0,0,0,0,0,0,0,0,0,0,0,0,0,0,0,0,0,0,0,0,0
362,,219101.45,201932.5,190007.56,187380.61,177986.07,177275.58,179299.87,179316.77,178229,181654.44,174402.91,167636.58,156506.21,147591.77,141212.3,136088.92,167438.87,512621.35,582917.43,183512.68,74000.692,58696.608,47864.944,41947.489,0,0,0,0,0,0,0,0,0,0,0,0,0,0,0,0,0,0,0,0,0
366,,269532.38,212891.78,219859.81,213174.08,207393.16,198443.38,201598.15,199375.63,198514.47,197891.72,192650.38,185894.41,176210.19,169986.97,163416.38,155182.47,151483.75,244967.66,628335.06,430443.12,117988.14,71964.849,58927.009,47179.195,43517.024,0,0,0,0,0,0,0,0,0,0,0,0,0,0,0,0,0,0,0,0
370,,256963.06,230649.93,254120.28,248378.91,232412.26,228056.48,220855.93,222490.7,223417.21,215879.96,212235.39,205522.35,197812.6,190386.4,185018.3,176300.79,169176.95,170985.78,401570.77,636835.25,268783.16,91390.178,71894.059,58566.955,45515.588,44764.709,0,0,0,0,0,0,0,0,0,0,0,0,0,0,0,0,0,0,0
374,,283935.53,253328.82,280333.33,271298.84,260954.18,263229.37,250881.96,246689.59,240507.45,239727.13,232686.33,225011.45,215335.39,210935.08,204624.76,197777.75,191088.83,181133.63,230664.86,549109.98,535631.7,160081.79,87899.579,71463.689,56344.345,44799.453,44764.403,0,0,0,0,0,0,0,0,0,0,0,0,0,0,0,0,0,0
378,,297508.15,282941.69,310976.21,295050.11,295352.29,280378.53,271627.39,269010.12,258878.36,257952.85,249686.08,243448.09,235470.07,232317.96,225010.45,218728.87,212517.23,199904,196200.17,323028.76,638624.85,388371.02,124077.07,86379.176,70155.368,55353.792,45183.481,43498.257,0,0,0,0,0,0,0,0,0,0,0,0,0,0,0,0,0
382,,290813.34,316645.63,333870.57,335663.81,321042.89,312568.74,303814.63,295970.67,283317.56,277120.26,268506.49,261006.49,252307.03,247777.43,243627.1,240219.67,231876.54,222612.75,209305.11,218691.76,450241.55,638074.94,257514.26,108451.25,84687.662,69020.353,53136.747,44603.923,0,0,0,0,0,0,0,0,0,0,0,0,0,0,0,0,0
386,,317664.23,316144.44,365737.35,374923.17,355119.62,346215.74,329447.35,318434.97,308622.11,295360.7,289305.42,279675.36,270286.95,266983.07,264320.73,260720.77,253079.72,242019.46,229839.96,216655.62,265387.58,571108.12,505761.72,175431.72,102659.02,83419.912,65412.089,49795.838,43568.08,0,0,0,0,0,0,0,0,0,0,0,0,0,0,0,0
390,,314212.43,355351.41,386142.41,398121.35,388401.14,376878.87,361409.21,345289.1,333850.34,313798.32,309914.8,299045.64,287127.68,283853.69,281881.49,277608.26,269866.56,261205.87,247609.11,233384.68,223392.1,336674.45,605026.57,347433.1,134818.63,98035.516,78969.73,60693.176,45808.263,40026.395,0,0,0,0,0,0,0,0,0,0,0,0,0,0,0
394,,376590.92,365400.84,410615.42,429858.3,413491.41,396051.83,379913.08,360995.14,348165.29,332806.47,321350.19,312284.09,299085.15,295615.72,292575.93,289879.75,283419.31,273672.64,260997.28,247856.95,230971.23,232688.8,460818.95,538249.95,223596.99,115308.45,92488.859,72184.698,54120.175,40148.13,38045.561,0,0,0,0,0,0,0,0,0,0,0,0,0,0
398,,334933.76,367680.18,412532.44,431268.01,426855.79,422265.21,396386.53,379830.49,363162.7,343566.91,331065.58,318808.29,306677.64,300463.79,300125.93,296960.82,290434.45,282449.78,270942.14,259111.44,241947.82,226754.23,292209.64,547890.18,402846.8,148049.5,106644.39,83706.45,64072.239,46038.72,37429.753,0,0,0,0,0,0,0,0,0,0,0,0,0,0
402,,303012.71,389515.42,434472.23,441106.73,441153.43,433587.55,412432.74,398462.13,374228.91,355172.27,340821.24,327990.98,314119.05,307167.31,305973.24,301726.43,299267.03,289553.86,279469.29,268264.26,253086.91,235719.48,231749.92,388616.06,546746.86,259996.87,125212.99,95846.343,74505.022,55198.449,40457.52,34045.075,0,0,0,0,0,0,0,0,0,0,0,0,0
406,,355022.7,392344.5,443276.1,465779.53,459564.52,445941.2,431087.64,409845.48,385124.63,366051.85,354354.73,336093.95,320614.5,312498.02,312139.88,307384.68,305339.33,295922.93,285965.98,276663.57,262719.54,245359.8,229716.02,259601.34,488122.15,460185.71,181551.31,109396.58,84942.862,65075.199,47767.531,35632.038,31425.325,0,0,0,0,0,0,0,0,0,0,0,0
410,,327010.35,393368.92,452973.37,486010.12,477364.78,473264.73,444222.76,424016.24,401832.97,373744.98,360670.28,340746.29,326173.03,319106.07,315229.57,312739.39,308501.46,303536.28,293051.94,284809.64,271591.45,255278.42,239111.86,227708.19,322058.29,542861.31,321386.33,136660.75,97039.591,74494.004,56645.738,41220.46,31817.325,29913.312,0,0,0,0,0,0,0,0,0,0,0
414,,333138.51,406047.15,472226.01,491534.88,486822.17,487629.05,466191.42,441905.82,415255.64,388918.09,368237.26,348695.42,332645.32,322004.27,318944.83,316052.38,312694.57,306724.17,298861.01,292749.16,279533.69,265699.86,249380.74,233088.8,236146.27,409417.86,469575.23,214102.96,113195.74,84827.09,65358.782,49145.679,36136.289,28792.505,27455.535,0,0,0,0,0,0,0,0,0,0
418,,288017.76,432478.15,485576.86,504945.6,504520.37,501548.3,482232.62,462059.11,427388.94,399941.17,374015.92,354671.9,337672.71,322245.71,322328.13,319245.68,316983.58,312090.72,303279.8,298543.56,288379.12,274520.34,259372.18,242787.45,228932.28,263721.25,462737.85,352137.68,150867.42,97261.118,75694.831,57831.675,43259.432,31384.836,27242.192,25808.659,0,0,0,0,0,0,0,0,0
422,,296914.19,432750.17,486456.95,513694.53,524176.08,524967.41,498621.58,481274.87,442546.62,413555.67,383058.13,359206.71,339676.72,328232.63,324946.33,322928.87,318860.04,314823.75,306536.34,302631.78,293445.24,281229.67,267574.55,251743.99,236887.99,228753.1,336127.16,446083.43,243959.45,113107.94,85352.339,66758.15,51333.079,38469.597,29519.715,25400.296,0,0,0,0,0,0,0,0,0
426,,314461.75,434095.84,500135.5,533405.71,545607.08,537058.96,524737.54,496353.09,460496.21,424076.88,391974.7,364823.72,346308.92,332080.33,327097.21,324528.8,319267.97,316313.38,311154.26,307005.82,298366.93,289521.79,276762.92,261078.83,247419.13,234322.18,247989.79,394772.2,371801.74,159278.63,97142.175,76192.891,59212.621,46492.184,34326.167,26795.956,24615.515,0,0,0,0,0,0,0,0
430,,305080.79,456529.69,529584.91,537280.35,541882.91,554441.76,538001.41,513494.93,469188.12,435614.87,400923.75,370434.96,349072.3,333427.03,328823.75,324814.36,321281.92,318031.26,314117.84,310921.09,303127.42,297000.26,284052.51,270100.77,257502.61,244309.54,229520.96,281300.57,411753.63,274324.11,121729.15,86534.475,68420.324,53526.226,41223.44,31485.753,25468.417,23668.904,0,0,0,0,0,0,0
434,,318081.01,448016.6,526322.31,554310.33,567046.46,568636.31,553431.08,531862.21,493736.43,448651.72,412553.02,376444.59,352729.72,339114.26,330462.5,325880.18,323305.69,320401.28,318021.82,313610.77,305917.02,300418.63,290682.23,278719.05,268138.95,253171.89,235838.24,226176.77,322969.61,385549.51,188053.63,102056.07,77902.263,62045.288,49102.835,38034.18,29287.71,24230.695,22830.364,0,0,0,0,0,0
438,,320181.3,479569.71,515668.87,558298.11,579658.32,587290.45,575009.09,546635.35,508349.31,458143.77,421052.77,383119.11,356881.5,341318.29,331938.46,327405.32,325400.29,320148.73,319681.44,316141.65,311823.01,303365.64,296875.48,286097.02,274314.54,263185.79,245810.08,223227.1,233143.66,359818.71,294221.84,138289.51,88540.137,70969.658,56833.703,45162.844,34728.091,27061.21,23766.665,0,0,0,0,0,0
442,,281583.4,430721.62,524723.87,558287.15,593677.75,596401.61,591162.56,559824.35,518769.68,473741.02,427462.1,390590.85,361129.33,344456.9,334862.69,329044.54,326467.76,321565.51,319520.37,317464.92,314430.53,309267.58,299873.58,290903.12,282025.19,271623.33,254070.65,232139.68,210335.04,254611.18,346000.17,212817.14,106856.28,80465.213,65070.59,52384.717,41898.397,31989.135,25937.8,22623.05,0,0,0,0,0
446,,316083.59,428511.05,542733.61,570604.93,588927.08,612537.25,607726.11,574018.17,528768.65,480818.75,436474.32,395731.73,364255.86,342948.79,335926.85,329713.6,326665.86,323277.26,319280.13,317983.14,314387.62,310686.63,302778.3,295883.81,288172.01,278594.32,263294.75,240912.47,216095.55,201487.33,294486,295234.4,149770.66,91217.517,73465.355,59991.015,48737.483,38708.108,30113.256,24375.077,21682.996,0,0,0,0
450,,311733.8,452402.33,545697.85,566927.27,603295.86,615542.95,605171.52,586389.95,542643.26,490783.06,442996.16,401094.76,369671.57,345082.45,335717.88,330059.46,325527.68,322790.59,318786.8,318445.38,315479.24,310047.74,305443.18,299118.65,292530.41,285037.68,270556.9,248939.37,223524.82,197292.85,221191.2,311994.5,226362.93,111635.33,82525.175,67800.695,54977.07,45451.173,35877.948,27897.066,23094.811,20839.094,0,0,0
454,,320967.55,476418.14,555631.72,580927.4,616415.98,622492.69,618736.51,604921.13,554774.69,497945.32,450440.45,404132.64,371315.73,348420.03,334174.71,329735.72,324543.2,321652.92,317469.58,317669.72,314428.84,313077.98,307417.31,300250.99,295868.97,289673.73,277832.96,256400.23,230925.96,204260.41,190301.38,255540.2,291306.44,161789.55,93847.918,75341.204,62901.445,51119.775,42552.761,33031.262,26103.436,21880.224,20498.63,0,0
458,,356664.92,438111.8,550271.4,573798.09,604006.59,622028.72,616848.55,602929.75,560109.88,505169.85,449302.82,402883.4,368759.84,345628.92,331209.83,325010.97,317968.53,317613.98,313015.64,313771.01,310551.64,308247.58,304087.38,299117.56,295184.65,288716.39,278725.81,260081.7,235096.41,208788.26,186645.31,195004.06,282365.97,240518.71,119198.64,83381.097,69385.694,58045.823,48158,38558.98,29968.688,24132.651,20639.368,19384.019,0
462,,692906.93,447040.32,525665.04,562459.57,585431.04,612409.34,613565.82,593510.65,552167.68,497244.2,443716,399281.88,359408.42,335287.23,323393.33,314726.62,310963.73,306221.23,303161,304179.54,302225.02,298800.45,295606.93,292131.01,289295.85,284602.79,276918.84,259536.19,234838.15,210111.74,185888.43,170317.46,214267.88,280452.02,171139.24,95190.094,74803.199,63232.407,52622.331,43021.56,34687.882,26684.466,22172.607,19566.912,0
466,,1738397.1,431211.5,515240.83,557318.36,578842.6,602090.27,603844.75,580529.1,544385.69,490776.89,438979.81,393308.26,353907.5,328968.52,314816.6,305404.11,302258.84,297763.53,294503.85,294966.97,293754.97,291485.37,288640.01,284292.62,283096.72,279398.49,272546.7,256919.5,235286.23,210813.82,186669.22,167669.75,164364.71,237582.97,230228.09,123090.72,81738.682,68014.93,57589.261,46967.291,39174.085,30519.083,24645.243,20713.863,18950.778
470,,3141644.4,810142.93,497769.78,546396.58,571404.46,594896.77,605553.42,584588.78,534697.75,486141.05,433398.26,388182.45,349436.01,322300.87,310368.76,299662.24,295144.75,289303.29,287400.22,287945.78,285721.08,283056.44,281871.99,279026.19,277386.86,277308.62,269770.16,254805.24,235796.03,210747.39,188904.87,168911.62,152374.18,171862.45,243821.69,173493.96,95703.442,72087.633,62214.578,51871.039,43335.88,35033.982,27760.126,22849.586,19442.852
474,,3293280.4,2254257.7,508173.06,531288.58,558433.1,582871.61,595864.59,573629.55,535403.25,488693.22,432449.99,383935.45,346120.73,320648.55,304614.18,294958.68,288787.75,284295.98,281099.57,280031.83,278560.3,276745.52,275218.57,274038.35,273196.01,272086.63,267500.94,254105.04,234875.96,213067.9,190619.17,170471.85,153910.67,144030.93,199056.9,218113.55,128750.4,79409.325,66459.647,56725.86,47293.826,39078.572,31644.598,25447.581,20906.735
478,,2011260.7,4826414.2,636702.26,523530.55,555346.2,577305,588157.11,570453.2,537845.42,479437.85,431670.49,381829.56,343310.55,313062.32,300140.22,289990.43,283834.64,278719.46,273243.1,273790.69,273304.98,272427.29,268432.66,268634.27,268554.58,269572.68,264348.14,252478.3,234503.32,212775.46,192077.11,172305.05,154960.93,139784.48,151912.71,214596.41,177955.2,96001.067,72030.983,60466.003,51456.737,42852.104,35932.347,28845.493,23198.765
482,,584870.42,6190798.4,1857229.6,520926.34,544437.89,570604.39,576776.18,572591.08,534823,478884.43,425893.15,379596.19,340236.55,313229.12,296054.95,284587.95,278173.18,274358.7,268267.13,267817.99,266346.48,264398.12,261737.55,262645.41,262402.4,263263.79,259699.68,248900.49,232451,212871.92,192413.34,173249.28,156331.35,141355.78,132405.08,170028.22,206812.2,133588.12,80573.198,64579.467,56050.082,46983.288,39278.047,32643.307,26319.258
486,,335293.09,4386064.1,4583115.2,563319.48,543338.4,561685.36,569604.84,563680.34,524571.43,473621.63,420458.77,372455.08,335956.96,308539.26,289879.29,278901.24,272501.17,265778.8,260844.92,260937.71,259758.61,257010.29,255600.01,255724.66,255679.32,257405.74,254897.34,244858.01,230267.57,209664.55,191160.98,173470.03,157240.68,142340.13,129987.72,132645.62,187597.71,180818.07,102554.64,69935.482,58707.733,50773.346,42298.064,36095.777,29484.312
490,,301197.81,1506395.9,7043468.5,1243640.9,524564.35,552180.35,553088.36,548138.92,514935.79,471755.03,414619.42,366003.66,330049.46,301148.01,284132.89,272112.08,264133.22,258712.8,253730.56,253099.16,250332.12,249184.63,248569.63,248064.38,249162.31,251911.62,249535.64,239790.41,224953.67,207337.49,189006.8,172478.54,156826.08,143102.6,129705.61,119931.99,142873.9,193110.52,140150.43,80524.548,61866.417,52717.958,45379.318,38573.643,32458.719
494,,294186.32,476123.44,5788926.2,3414369.5,518121.44,532595.57,541593.84,533031.63,500595.04,452453.1,407359.21,359685.92,322746.15,292198.29,277842.62,265059.82,255855.74,249967.14,245731.73,244225.98,242081.8,238682.77,239918.41,239855.33,240574.1,243133.54,241508.66,233398.55,219622.5,202657.19,186043.24,169741.38,154545.05,141511.31,128930.31,117659.99,115176.66,156926.78,171023.64,103889.37,67295.001,55190.365,47467.677,40738.21,34777.76
498,,303136.09,386577.71,2679619.3,5809447.4,755695.62,520979.89,525157.95,519143.13,489496.09,441552.2,398001.17,349830.19,311984.12,285203.67,269996.46,255875.7,246694.12,241595.63,236690.03,234976.51,232031.01,230908.93,230802.18,230617.89,231495.5,234042.47,233190.76,225867.34,213341.94,198532.83,181278.37,166615.5,151882.61,139564.68,128142.07,116320.58,107815.56,116320.87,164460.86,136573.44,79360.286,58226.409,49183.423,42656.778,36157.435
502,,349344.98,400888.36,750080.75,5825731.3,2099504,497468.32,506485.5,502418.83,476613.6,427550.48,385316.89,339294.58,300942.74,275431.78,260370.96,246222.39,238551.16,232225.4,226615.34,225785.65,222018.25,220973.04,220353.06,220662.95,222441.17,223185.77,224315.28,217467.44,206207.45,191193.87,175547.11,161806.85,148518.38,138036.29,125661.03,114430.3,105843.64,98428.608,128946.01,154706.51,102450.19,62413.136,50803.182,44014.532,38059.172
506,,442166.91,388812.14,439868.86,3401721.9,4201587.7,531139.03,486389.35,487983.65,455815.13,414495.45,374308.03,328299.87,290437.66,269497.72,250004.93,237862.49,229015.85,222414.43,217656.44,215822.14,212096.84,210423.44,210039.84,210395.8,212416.62,214508.36,214136.79,208358.95,196655.85,185360.73,169779.98,155964.31,143975.33,133427.47,122294.08,112297.5,103436.98,94613.75,99749.341,141056.95,129457.93,75265.61,53007.414,45172.379,39522.564
510,,545898.49,370660.69,403897.82,1204153.8,5296025.1,1131212,473137.64,471473.06,436273.95,399505.78,358396.53,316552.05,280288.15,256854.74,242213.05,227515.58,219239.21,210998.42,206232.44,205208.28,202221.83,201737.16,199228.76,200341.65,201286.23,202832.67,204248.69,198763.93,187846.2,176642.95,163249.86,150764.79,139404.55,130087.33,119309.2,109689.59,100114.61,92862.151,87766.941,109343.96,138390.03,98545.611,58307.856,46216.854,40216.73
514,,512640.45,440492.63,384739.17,460292.58,3924015.8,2720317.6,455209.43,443106.42,417525.18,379750.95,344440.37,304217.17,269463.97,243624.25,229786.86,216323.75,209278.69,202680.9,197055.99,194606,191967.24,190060.29,188975.57,189411.59,190215.99,191022.91,194044.16,189000.66,179160.94,168132.45,155593,144408.7,133665.33,124125.4,114811.39,106372.27,96728.148,89666.936,83502.574,84773.772,118660.87,121467.57,71835.238,48200.721,40461.802
518,,449924.04,582573.6,369484.81,398681.26,1845315.2,4181267.2,596947.09,418642.25,397530.14,363221.34,328660.84,289828.07,257877.89,234504.93,217940.91,205264.16,198181.8,192250.89,188151.85,183649.12,181410.46,178545.69,178190.61,178134.78,180378.41,182572.25,183243.18,177902.53,170248.75,159520.09,148112.34,137651.26,127780.15,118389.36,110040.99,101985.61,93611.129,86794,79869.461,74971.52,88227.441,121896.67,91827.048,54238.142,40914.25
522,,304518.09,722211.3,380492.03,369777.23,613472.58,4015118,1518524.9,400265.77,377089.93,345272.29,311407.15,275027.84,245596.16,222780.18,206472.46,195826,186917.57,181772.75,176133.29,173594.51,170515.8,169370.04,167790.43,167856.59,169173.51,171706.74,171529.45,167288.26,159897.91,149988.81,140304.47,130526.7,121520.34,112966.76,105055.89,97733.126,90001.049,83109.241,76868.31,71045.256,69486.195,98061.778,106786.67,67699.082,43133.359
526,,217467.55,699141.21,465331.51,337733.48,375218.98,2292408.9,2984615.7,410949.52,360311.19,324245.98,295268.49,261117.9,231137.82,208565.55,194835.47,185896.79,177077.5,172462.17,165433.33,163055.29,159727.57,158730.3,157337.55,157140.07,158801.3,160443.51,160819.68,157293.58,149897.31,141009.14,131935.76,122526.84,114756.42,106756.78,99978.842,92911.713,85229.236,79362.612,72818.876,68007.104,62941.942,70367.539,101696.34,85226.069,49592.378
530,,192566.58,508374.22,610552.51,322973.45,351117.24,843008.64,3640584,827616.33,339387.56,307000.05,279584.08,246435.09,219239.74,197968.27,183435.67,175097.09,166413.91,159956.7,155719.09,152273.33,148798.13,148216.17,146969.67,146643.27,147623.12,150231.95,150452.66,147156.59,139920.61,131791.49,124015.96,114936.88,107890.28,101320.25,94605.925,87182.699,81061.844,75101.785,69618.949,64649.091,59818.944,57404.91,78231.919,93611.935,62932.202
534,,186527.89,351443.98,722599.83,350329.43,318470.17,374238.21,2697781.1,1993122.3,318236.4,289393.08,262548.37,232795.79,205629.32,186843.37,172004.76,165124.39,156149.52,150806.94,145515.24,142565.52,139909.37,137777.68,137415.76,136743.72,138175.48,139623.16,139648.53,137271.89,131089.61,123541.03,115337.17,107737.71,100987.74,95159.316,87957.509,82091.84,76728.726,71532.522,66150.184,61108.441,56574.564,52425.627,57257.311,83447.377,77390.648
538,,153620.64,245469.66,672999.42,451601.62,296140.15,325611.23,1218404.5,3106227.8,446985.42,269355.44,244516.09,217685.06,192438.75,174323.98,162121.44,153358.97,146446.46,139164.28,135523.79,133062.58,130098.48,127770.63,127254.12,126878.45,127458.98,128576.16,130114.22,127043.42,121722.68,114209.39,107178.39,100324.36,93959.733,88325.039,82262.999,77107.734,71675.608,67073.534,62710.931,57647.785,53505.853,49663.062,47323.255,62020.774,80980.822
542,,153019.51,189428.91,512712.02,601650.44,286884.8,294188.65,416184.08,2907133,1237356.1,255369.85,228628.56,200847.85,179409.68,163362.36,151657.14,142296.03,136646.18,130036.12,126009.69,123385.26,120797.7,118715.05,117731.78,117263.78,117518.27,119399.35,120606.07,117289.92,112851.04,105765.85,99496.798,93144.506,87297.37,82179.799,76764.067,71737.942,67940.499,62672.962,58372.691,54132.126,50383.31,46850.027,43355.383,45499.616,68095.347
546,,126389.7,179625.57,313285.7,691474.14,325079.68,272932.27,288926.9,1634159.2,2452986.1,269359.79,211612.91,186330.23,167184.19,150823.25,141283.45,133025.61,125567.07,120897.16,116978.04,114206.82,112438.73,110423.99,108628.86,108049.5,109246.48,110384.23,110527.66,107829.05,102894.05,97363.582,91283.017,86067.207,80715.678,76289.839,72000.314,66587.394,63275.153,57979.888,54411.955,51078.248,47063.617,43639.573,40430.298,38468.451,47827.215
550,,158944.28,164708.53,211456.66,619796.94,436993.32,250936.61,263222.47,566301.53,2981140.9,687714.7,196936.53,173363.42,155651.41,140224.47,130202.85,123163.8,116398.24,111430.19,108585.54,105609.47,101773.88,101947.59,99752.864,99634.541,100013.12,100862.07,101925.57,99496.053,94719.671,90098.72,83884.054,79170.828,74254.883,71201.218,66420.245,61692.305,58475.28,54424.28,50757.84,47768.142,44055.571,40873.455,37817.559,35336.158,35854.342
554,,125109.62,153065.51,192801.73,434276.17,580822.58,236322.47,242192.91,263280.45,2132215.8,1764751.1,196023.63,160758.45,144265.25,130264.92,121205.16,113313.83,108802.27,103472.46,99890.372,97151.076,94070.232,92887.508,92072.002,91611.505,91997.094,93157.946,93914.423,91924.224,87696.172,82701.54,77547.048,73091.123,68571.316,65024.725,61420.775,57144.404,53555.275,50555.978,47432.006,44467.423,41364.352,38149.589,35252.52,33165.049,31135.503
558,,117144.03,146835.01,179519.37,275156.59,644979.41,291898.95,223064.2,230207.84,926096.18,2794592.1,427221.13,150186.91,133675.23,120795.45,112530.1,105020.39,99927.752,95806.183,91237.393,89715.941,87451.85,85113.932,84059.42,84005.564,84316.406,84943.165,85763.964,84180.678,80191.945,76260.727,71011.289,67314.389,62950.555,60165.647,56527.017,52963.782,49775.768,46726.778,44009.4,41254,38379.949,35206.78,32943.833,30780.5,28803.479
562,,117351.7,141784.12,165182.81,187179.49,574108.2,405005.03,205906.56,215067.32,295441.35,2613986.3,1205086.3,140792.83,123423.28,111977.39,103318.3,97593.517,92442.035,88124.449,84193.209,82938.415,80775.007,79521.746,77320.059,77315.588,77111.678,78287.515,78153.632,77129.925,73797.238,69246.107,65317.192,61364.028,58173.779,55254.95,51657.631,48767.242,45796.094,43373.137,40564.55,38013.027,35654.217,32752.672,30783.464,28415.654,26545.986
566,,100338.35,121024.49,146035.47,159490.13,405012.44,556081.55,202441.27,194333.62,197147.83,1469370.4,2272449.3,204673.2,114471.67,104080.69,95238.454,89873.095,85233.4,80765.006,78161.739,75959.48,73722.682,72557.268,71117.379,71116.299,70666.825,71837.806,72021.371,70389.522,67429.616,63629.646,59871.881,56175.75,53450.707,50464.526,47724.419,44695.291,42242.778,39389.724,37157.62,35289.835,32506.627,30878.86,28428.602,26448.671,24568.987
570,,99737.533,119974.15,133953.12,145781.12,254835.26,619872.75,252007.59,178883.72,176243.65,490583.2,2668146.1,624415.15,106295.89,96172.869,88694.38,82428.51,78055.253,75957.757,71821.234,69606.454,68162.759,66006.993,65279.396,64874.346,65692.459,65339.675,65591.949,63957.488,61543.888,58728.631,54529.804,52086.502,48642.998,45765.354,43748.314,41008.208,38947.52,36197.023,34692.69,32680.397,30084.817,28502.104,26347.881,24612.534,22992.262
574,,97410.172,115811.66,122159.72,132838.51,165677.13,536655.71,367807.92,163915.35,164508.78,173275.91,1944848.1,1534867.4,114609.96,87941.86,81463.46,75944.153,72209.79,68902.386,65893.73,64117.646,62876.964,61158.926,59942.065,59149.533,59314.514,59635.396,59486.536,58442.796,56799.578,53170.036,50212.739,47445.877,44472.108,41837.36,40011.875,37807.922,35447.352,33582.045,31762.226,29830.228,27834.441,26375.226,24311.003,22680.493,21292.799
578,,81030.664,103463.79,117428.46,119090.51,135041.14,364210.9,499730.57,168432.99,154153,147794.93,863522.2,2367752.1,282014.84,81389.42,74415.658,69887.708,65990.103,62388.456,61012.95,58820.971,56992.176,55376.261,54879.664,54412.892,54112.994,54540.129,54396.914,53447.783,51319.842,48505.755,45424.212,42775.944,41003.829,38630.497,36201.996,34441.32,32404.748,31299.183,29116.435,27269.854,25496.281,23944.224,21955.165,20808.469,19574.392
582,,94124.525,91880.16,111614.1,113875.58,116909.69,217870.66,571672.03,211412.69,140774.3,135365.68,262005.74,2267682.3,908412.22,75995.427,68959.573,64365.637,60383.483,57570.584,55318.457,53848.512,51952.598,51067.588,50249.517,49449.051,49189.035,49749.908,49616.96,48809.86,46353.896,43817.102,41250.504,38982.396,36952.693,34828.35,32978.444,31503.073,29625.438,28364.494,26572.391,24894.779,23312.876,21997.726,20646.983,19260.108,17910.064
586,,87678.279,88282.277,89125.449,106153.28,111726.72,140799.03,493079.32,324738.73,132756.37,125966.03,125066.92,1325656.4,1820931.1,89596.6,63456.696,59150.987,55605.752,52735.376,50518.279,49652.771,47165.847,46714.472,45280.726,44887.012,44996.252,45189.144,45540.35,44338.64,42168.87,39887.023,37829.427,35632.495,33545.347,31767.094,29968.866,28707.19,27169.215,25611.17,24344.248,22790.592,21592.976,20065.668,18784.51,17680.167,16657.669
590,,80410.209,79745.266,89633.285,96448.625,101874.49,113871.48,335829.61,451611.4,136654.8,116601.64,106430.75,461263.51,2244435.2,410561.89,58835.658,53451.112,50620.049,48739.107,45872.645,45486.007,43315.181,41413.212,41302.471,40935.32,40867.806,40593.171,41326.376,40223.66,38540.818,36216.244,34086.262,32289.677,30632.444,28894.179,27390.908,25902.789,24362.143,23265.756,22248.83,20857.249,19586.263,18130.294,17074.334,16017.368,15207.819
594,,62624.371,72844.316,81917.137,90261.34,94120.762,103006.88,191699.15,505257.25,180775.84,106937.56,97218.387,126678.28,1635591.5,1266670.3,60469.141,48862.928,46067.832,43733.636,42441.925,40703.376,39336.684,37745.098,37581.142,36889.159,37036.786,37010.767,37163.963,36282.367,34555.117,32525.766,30640.649,29088.632,27424.065,26189.835,24791.293,23458.828,22235.271,20819.138,20130.49,18950.312,17704.135,16517.803,15925.527,14679.65,13758.488
598,,71866.783,68866.652,80178.449,80120.617,81783.039,92752.535,118803.47,426519.18,279541.39,100452.06,90020.08,81915.482,680238.69,2025146.8,216964.42,44885.188,41591.547,40294.487,37846.495,36668.018,35465.053,34731.055,33847.694,33248.043,33217.065,33172.29,33253.745,32468.386,31302.028,29353.337,27778.404,26204.806,24984.849,23564.135,22209.715,21075.331,20138.758,18914.217,18045.08,17171.772,16053.14,14856.652,14363.415,13474.052,12583.865
602,,61785.965,62857.785,69680.805,69930.07,80633.027,85377.182,98324.836,278860.55,395059.7,103452.47,82310.301,72376.178,187735.19,1806902.8,815420.93,42692.242,38867.68,35964.527,34288.701,33427.174,33266.626,31236.356,30348.422,31565.483,30205.539,30099.444,29867.075,29158.155,29148.466,26471.397,25147.891,24721.656,22945.729,21247.581,20212.845,19067.616,18252.702,16982.053,16097.609,16243.211,14872.587,13552.771,12905.665,12121.788,11786.132
606,,,,,,,,,,,,,,,,,,,,,,,,,,,,,,,,,,,,,,,,,,,,,,
610,,,,,,,,,,,,,,,,,,,,,,,,,,,,,,,,,,,,,,,,,,,,,,
614,,,,,,,,,,,,,,,,,,,,,,,,,,,,,,,,,,,,,,,,,,,,,,
618,,,,,,,,,,,,,,,,,,,,,,,,,,,,,,,,,,,,,,,,,,,,,,
622,,,,,,,,,,,,,,,,,,,,,,,,,,,,,,,,,,,,,,,,,,,,,,
626,,,,,,,,,,,,,,,,,,,,,,,,,,,,,,,,,,,,,,,,,,,,,,
630,,,,,,,,,,,,,,,,,,,,,,,,,,,,,,,,,,,,,,,,,,,,,,
634,,,,,,,,,,,,,,,,,,,,,,,,,,,,,,,,,,,,,,,,,,,,,,
638,,,,,,,,,,,,,,,,,,,,,,,,,,,,,,,,,,,,,,,,,,,,,,
642,,,,,,,,,,,,,,,,,,,,,,,,,,,,,,,,,,,,,,,,,,,,,,
646,,,,,,,,,,,,,,,,,,,,,,,,,,,,,,,,,,,,,,,,,,,,,,
650,,,,,,,,,,,,,,,,,,,,,,,,,,,,,,,,,,,,,,,,,,,,,,
654,,,,,,,,,,,,,,,,,,,,,,,,,,,,,,,,,,,,,,,,,,,,,,
658,,,,,,,,,,,,,,,,,,,,,,,,,,,,,,,,,,,,,,,,,,,,,,
662,,,,,,,,,,,,,,,,,,,,,,,,,,,,,,,,,,,,,,,,,,,,,,
666,,,,,,,,,,,,,,,,,,,,,,,,,,,,,,,,,,,,,,,,,,,,,,
670,,,,,,,,,,,,,,,,,,,,,,,,,,,,,,,,,,,,,,,,,,,,,,
674,,,,,,,,,,,,,,,,,,,,,,,,,,,,,,,,,,,,,,,,,,,,,,
678,,,,,,,,,,,,,,,,,,,,,,,,,,,,,,,,,,,,,,,,,,,,,,
682,,,,,,,,,,,,,,,,,,,,,,,,,,,,,,,,,,,,,,,,,,,,,,
686,,,,,,,,,,,,,,,,,,,,,,,,,,,,,,,,,,,,,,,,,,,,,,
690,,,,,,,,,,,,,,,,,,,,,,,,,,,,,,,,,,,,,,,,,,,,,,
694,,,,,,,,,,,,,,,,,,,,,,,,,,,,,,,,,,,,,,,,,,,,,,
698,,,,,,,,,,,,,,,,,,,,,,,,,,,,,,,,,,,,,,,,,,,,,,
702,,,,,,,,,,,,,,,,,,,,,,,,,,,,,,,,,,,,,,,,,,,,,,
