,220,225,230,235,240,245,250,255,260,265,270,275,280,285,290,295,300,305,310,315,320,325,330,335,340,345,350,355,360,365,370,375,380,385,390,395,400,405,410,415,420,425,430,435,440,445,450,455,460,465,470,475,480,485,490,495,500,505,510,515,520,525,530,535,540,545,550
230,-14.99,-28.73,0,0,191.7,2.526,-0.32,-0.662,-0.828,0.617,0.512,0.759,0.627,0.716,0.486,0.293,0.392,0.248,0.249,0.387,0.227,0.404,0.241,0.395,0.33,0.246,0.253,0.223,0.214,0.249,0.242,0.256,0.176,0.123,0.143,0.14,0.197,0.091,0.037,0.136,0.107,0.059,-0.139,-0.009,0.094,0.048,-0.284,-2.621,-4.583,-1.36,0.314,0.316,0.04,0.047,0.095,0.068,0.023,0.054,0.026,-0.005,0.045,0.044,0.07,0.023,0.013,0.032,0.048
235,-17.19,-18.4,-164.3,0,0,6.323,-4.705,-1.423,-1.295,0.433,1.192,0.753,0.578,0.243,-0.109,0.467,0.544,0.298,0.507,0.511,0.409,0.368,0.298,0.394,0.251,0.376,0.24,0.213,0.339,0.273,0.146,0.289,0.275,0.184,0.117,0.065,0.153,0.101,0.047,0.081,0.118,0.085,-0.07,0.142,-0.26,-0.006,0.018,-0.673,-1.691,-2.221,-3.509,-1.084,0.221,0.23,0.062,-0.009,-0.012,0.089,0.029,-0.023,0.031,-0.014,0.04,0.02,0.002,0.052,0.048
240,-28.98,-23.01,-53.41,-499.5,0,0,-14.51,-2.937,0.721,-0.096,1.495,0.553,0.126,-0.103,0.135,0.491,0.307,0.279,0.319,0.438,0.526,0.202,0,0.311,0.396,0.287,0.367,0.206,0.226,0.268,0.105,0.186,0.248,0.142,0.227,0.07,0.105,0.129,0.192,0.119,0.048,0.121,0.095,0.121,-0.109,0.098,0.011,-0.06,-0.277,-0.578,-2.415,-2.498,-1.245,0.242,0.694,0.347,0.019,0.057,0.036,0.051,0.072,0.017,0.096,0.063,0.037,0.059,0.09
245,-14.23,-20.95,-32.66,-111.1,-726.3,0,-47.79,-27.06,0.244,-0.017,1.164,1.301,1.274,-0.404,0.869,0.008,0.312,0.762,0.566,0.432,0.356,0.329,0.333,0.576,0.385,0.384,0.387,0.398,0.124,0.403,0.141,0.231,0.259,0.209,0.096,0.175,0.182,0.219,0.049,0.1,0.044,0.253,0.061,0.133,0.024,0.038,-0.149,-0.161,-0.099,-0.131,-0.585,-0.855,-2.377,-1.677,1.112,1.75,1.074,0.372,0.078,0.058,0.098,-0.026,0.077,0.039,0.079,0.045,0.065
250,-6.17,-10.59,-40.73,-49.41,-179.6,-541.1,0,0,-43.49,0.46,1.09,0.961,0.043,0.266,0.545,0.279,0.366,0.51,0.316,0.413,0.23,0.479,0.265,0.582,0.281,0.407,0.341,0.308,0.294,0.371,0.17,0.259,0.189,0.218,0.085,0.171,0.17,0.206,0.147,0.114,0.043,0.128,0.067,0.121,0.089,0.093,0,0.03,-0.131,-0.051,-0.116,-0.101,-0.571,-0.792,-1.079,3.729,0.215,2.284,2.604,1.301,0.24,0.043,0.024,0.029,0.108,0.113,0.083
255,-0.648,-0.402,-4.883,-57.53,-68.37,-131.6,-156.6,0,0,-3.183,5.204,0.259,-0.534,0.361,-0.059,0.312,0.362,0.322,0.327,0.243,0.527,0.437,0.554,0.408,0.318,0.289,0.424,0.23,0.137,0.244,0.179,0.129,0.305,0.166,0.274,0.091,0.297,0.23,0.102,0.098,0.075,0.042,0.085,0.095,0.103,0.143,0.075,0.182,-0.031,0.007,-0.021,-0.181,-0.125,-0.171,-0.211,0.807,-0.573,0.353,3.639,3.911,4.252,0.705,0.086,0.018,0.054,0.052,0.069
260,4.153,1.119,1.812,-25.19,-49.12,-47.21,-45.17,-41.65,0,0,3.727,0.803,1.66,1.731,0.748,0.865,0.289,0.63,0.472,0.241,0.753,0.409,0.645,0.184,0.62,0.285,0.21,-0.016,0.241,0.059,0.227,0.351,0.247,0.108,0.236,0.134,0.221,0.031,0.192,0.173,0.037,0.064,0.054,0.102,0.053,0.139,0.204,0.128,0.023,0.061,0.038,0.063,-0.387,-0.133,0.032,0.191,-0.062,0.154,1.345,4.655,16.85,3.261,4.953,1.533,0.052,0.064,-0.004
265,7.664,8.496,3.318,-4.58,-25.1,-51.99,-22.83,-4.711,0,0,0,5.754,2.378,0.68,0.158,0.99,0.41,0.21,0.323,0.081,0.446,0.375,0.462,0.429,0.454,0.506,0.173,0.262,0.229,0.252,0.088,0.345,0.235,0.178,0.228,0.186,0.267,0.071,0.228,0.119,0.119,0.13,-0.003,0.14,0.04,0.117,0.218,0.051,0.079,0.043,0.081,0.022,-0.011,-0.22,0.034,0.051,-0.006,0.08,0.377,1.202,7.246,12.1,19.04,4.913,4.369,0.472,0.061
270,37.67,30.43,9.12,3.322,-9.19,-41.39,-45.32,-4.677,13.16,242.3,0,0,14.5,1.778,0.179,1.409,-0.061,0.856,0.801,0.542,0.583,0.438,0.48,0.601,0.572,0.414,0.344,0.323,0.576,0.199,0.327,0.328,0.372,0.246,0.274,0.145,0.24,0.132,0.284,0.155,0.132,0.198,0.175,0.186,0.155,0.178,0.143,0.089,0.131,0.146,0.109,0.069,0.014,-0.071,-0.088,0.142,-0.133,0.11,0.11,0.314,1.701,3.755,8.953,12.74,9.475,12.37,2.937
275,98.81,80.18,27.75,3.899,6.671,-10.84,-43.61,-18.67,5.197,67.77,625.2,0,0,-13.17,1.1,1.586,0.123,1.101,0.674,0.409,0.662,0.288,0.338,0.483,0.182,0.331,0.291,0.285,0.457,0.286,0.259,0.394,0.381,0.343,0.241,0.265,0.402,0.217,0.313,0.329,0.29,0.278,0.136,0.338,0.224,0.244,0.17,0.216,0.039,0.066,0.108,0.115,0.121,0.009,0.008,0.014,-0.014,-0.286,0.117,0.212,0.559,0.94,2.055,3.081,4.547,13.79,20.47
280,134.5,109.3,51.73,11.64,2.085,5.529,0.681,-22.99,7.935,45.26,185.4,1431,0,0,0.491,1.578,0.866,0.605,1.188,0.753,0.389,0.294,0.481,0.497,0.344,0.489,0.331,0.369,0.399,0.404,0.309,0.289,0.355,0.224,0.251,0.423,0.487,0.314,0.254,0.39,0.347,0.281,0.314,0.306,0.391,0.322,0.21,0.202,0.093,0.064,0.061,0.108,0.01,0.075,0.132,0.011,0.07,-0.233,-0.143,0.074,0.171,0.419,0.653,0.799,1.3,3.681,10.04
285,197.2,180.2,91.01,33.43,11.11,11.55,17.71,9.49,14.01,77.53,143,465.8,0,0,-325.5,2.102,1.711,0.869,1.617,0.724,0.699,0.478,0.498,0.395,0.406,0.722,0.497,0.437,0.283,0.432,0.264,0.29,0.458,0.3,0.337,0.416,0.617,0.416,0.288,0.446,0.394,0.424,0.324,0.429,0.383,0.428,0.228,0.314,0.283,0.177,0.162,0.1,0.175,0.109,0.157,0.174,0.199,0.006,0.333,-0.15,0.195,0.413,0.466,0.762,0.803,1.429,2.858
290,305.3,312.2,201.3,87.91,41.93,31.18,43.02,64.83,89.01,170.2,236.1,388.6,333.8,1196,0,137.7,-323.7,1.156,1.953,0.702,0.785,0.783,0.702,0.686,0.506,0.597,0.559,0.457,0.421,0.338,0.495,0.369,0.322,0.558,0.531,0.66,0.695,0.563,0.473,0.376,0.561,0.528,0.509,0.614,0.623,0.722,0.585,0.558,0.455,0.26,0.314,0.177,0.2,0.275,0.264,0.304,0.253,0.304,0.545,0.363,0.499,0.637,1.148,1.425,1.64,1.942,2.181
295,394.7,419.9,327.1,158.5,75.15,61.07,72.59,117,199.3,302,443.3,552.7,491.9,484.3,985.6,0,-175.2,1.196,1.711,1.047,0.922,0.75,0.48,0.848,0.432,0.452,0.434,0.367,0.402,0.408,0.418,0.368,0.417,0.401,0.896,0.997,0.924,0.755,0.592,0.588,0.64,0.621,0.616,0.737,0.833,0.868,0.824,0.87,0.602,0.532,0.453,0.371,0.27,0.345,0.278,0.374,0.504,0.542,0.764,0.81,1.055,1.482,1.611,2.23,2.414,2.93,2.916
300,436.5,485.9,403.5,178.8,90.93,81.78,93.37,154.3,253,402.4,562.5,658,608.1,371.9,298.6,1670,0,-90.46,2.117,1.754,1.378,1.049,0.521,0.845,0.321,0.804,0.447,0.351,0.511,0.522,0.492,0.318,0.341,0.792,0.822,1.025,1.186,1.123,0.702,0.733,0.611,0.682,0.746,0.868,0.822,0.999,1.068,0.947,0.667,0.73,0.403,0.448,0.342,0.36,0.426,0.332,0.584,0.804,0.831,1.195,1.566,1.921,2.247,2.835,2.981,3.402,3.655
305,443.2,503.2,438,205.4,110.1,85.8,118.1,171.2,278.8,441.1,650.5,726.9,668.4,371,145.9,441.1,2358,0,12.65,0.228,2.313,0.806,0.638,0.902,0.591,0.563,0.551,0.503,0.648,0.478,0.405,0.508,0.381,0.65,1.012,1.096,1.088,1.028,0.845,0.71,0.51,0.91,0.836,1.053,0.954,0.937,1.195,1.11,0.889,0.608,0.54,0.602,0.436,0.546,0.495,0.522,0.695,0.74,1.063,1.348,1.646,2.086,2.435,3.094,3.63,3.954,3.906
310,445.1,507.2,428.4,230.3,115.3,101.5,125.8,177.9,281.6,447.3,650.4,750.9,662.9,370.5,115.9,120.3,614.8,1636,982.8,46.84,1.38,1.51,1.17,1.434,0.746,0.904,0.759,0.552,0.509,0.445,0.322,0.393,0.281,0.623,0.788,1.013,1.089,1.021,0.663,0.72,0.554,0.703,0.754,0.879,0.974,1.049,1.133,1.175,0.906,0.648,0.514,0.572,0.484,0.587,0.485,0.506,0.743,0.867,1.03,1.276,1.778,2.152,2.479,3.135,3.863,4.06,4.045
315,385.5,447.6,385.9,218.1,124.5,98.54,128.6,179.3,263.8,422.1,597.3,692.3,624.5,334.4,102.2,53.07,150.3,373.2,1036,1795,240.2,0.651,1.254,1.533,0.823,0.683,0.623,0.411,0.702,0.473,0.787,0.432,0.446,0.406,0.791,1.007,1.158,0.919,0.677,0.648,0.691,0.595,0.686,0.764,0.819,0.911,1.023,0.896,0.838,0.767,0.567,0.616,0.375,0.521,0.48,0.629,0.653,0.958,0.865,1.171,1.563,2.111,2.605,2.993,3.586,4.032,3.742
320,328.2,411.1,355.2,198.8,116.2,100.3,114.6,167.2,244.1,385.7,533.8,635.5,569.4,317,102.1,38.73,51.08,93.54,246.8,1547,2112,360.4,1.588,1.631,1.449,1.224,0.753,0.58,0.844,0.734,0.703,0.538,0.479,0.528,0.791,0.949,1.06,0.78,0.623,0.55,0.554,0.46,0.609,0.751,0.799,0.968,0.885,0.839,0.88,0.632,0.523,0.498,0.374,0.564,0.494,0.5,0.558,0.957,0.923,1.216,1.26,2.019,2.287,2.742,3.494,3.798,3.613
325,285.4,347.4,324,187.3,105.2,94.9,118.2,152.5,221.3,337.2,476.4,566.3,507.9,300.8,86.24,30.27,32.59,34.75,63.46,384.2,2151,2727,14.59,1.727,1.743,0.958,1.014,0.969,0.679,0.69,0.75,0.511,0.644,0.814,0.751,0.744,0.886,0.746,0.637,0.551,0.556,0.499,0.61,0.722,0.926,1.036,0.834,1.028,0.808,0.55,0.562,0.451,0.471,0.475,0.468,0.498,0.574,0.683,0.869,1.037,1.537,1.824,2.096,2.49,3.023,3.081,2.97
330,234.5,287.8,274.1,157.1,92.81,83.45,102,131,191.8,285.1,393.2,470.4,423.7,265.8,102.9,38.74,21.92,26.25,26.75,94.7,540.4,1896,1711,378.5,2.43,1.406,1.312,1.362,0.871,0.639,0.573,0.628,0.708,0.678,0.691,0.768,0.823,0.801,0.449,0.496,0.57,0.598,0.663,0.65,0.755,0.809,0.787,0.768,0.652,0.468,0.474,0.504,0.483,0.412,0.411,0.411,0.66,0.563,0.764,0.907,1.3,1.351,1.746,1.981,2.577,2.743,2.61
335,190.5,241.2,221.6,135.8,82.72,73.11,87.83,107.6,161.7,227.6,319.4,381.9,354.5,228,105.2,60.21,27.91,17.36,25.49,35.57,129.4,430.2,979,3225,884,1.806,1.857,1.295,1.22,0.901,0.847,0.904,0.552,0.675,0.528,0.778,0.664,0.679,0.484,0.489,0.492,0.385,0.604,0.446,0.601,0.626,0.675,0.617,0.544,0.454,0.453,0.361,0.445,0.337,0.486,0.464,0.431,0.676,0.777,0.735,1.07,1.23,1.523,1.652,1.975,2.089,2.177
340,155.6,208.8,187.1,132.5,78.81,67.77,80.74,101.1,135.1,192.1,267.3,321.9,299.6,202.6,101.9,64.51,40.78,16.8,23.24,24.85,40.72,104.6,233.3,1782,3342,684.8,2.982,1.306,1.331,0.936,0.884,0.629,0.574,0.471,0.287,0.66,0.855,0.647,0.37,0.347,0.383,0.346,0.523,0.418,0.506,0.67,0.6,0.633,0.545,0.458,0.38,0.307,0.334,0.366,0.493,0.537,0.547,0.478,0.681,0.712,0.954,1.264,1.348,1.339,1.844,1.8,1.879
345,145,166.8,165.3,116.6,68.7,64.03,73.08,87.74,118.1,169,232,275.1,256.8,178,102,69.12,51.09,31.15,10.11,23.55,24.04,34.48,60.83,432.3,2331,3071,24.31,2.383,1.506,1.165,0.876,0.941,0.756,0.612,0.403,0.642,0.634,0.649,0.443,0.544,0.325,0.478,0.325,0.403,0.589,0.544,0.529,0.511,0.51,0.443,0.315,0.344,0.397,0.385,0.493,0.414,0.529,0.451,0.592,0.751,0.863,0.971,1.255,1.19,1.415,1.599,1.562
350,113.5,133.9,140.9,91.12,67.35,61.43,69.36,78.08,103.1,140.8,187.3,221.8,211.3,156.9,98.11,70.09,56.57,44.37,25.22,19.06,23.36,23.29,26.18,105.4,572,1920,1811,549.1,1.576,1.84,1.164,1.198,0.724,0.639,0.739,0.757,0.703,0.521,0.468,0.503,0.329,0.47,0.39,0.426,0.477,0.447,0.549,0.568,0.461,0.4,0.444,0.33,0.466,0.314,0.291,0.302,0.529,0.424,0.556,0.593,0.684,0.767,0.964,1.053,1.097,1.324,1.3
355,89.4,99.81,113.1,80.74,59.8,61.78,61.37,70.07,88.25,116.3,150.2,180.7,175.1,133.8,93.26,71.04,61.66,52.2,42.12,31.03,11.27,26.42,22.84,36.94,136.7,435.1,925.9,3352,1099,3.881,2.293,1.569,0.696,0.577,0.829,0.704,0.567,0.766,0.493,0.421,0.292,0.51,0.395,0.496,0.463,0.382,0.427,0.58,0.345,0.279,0.444,0.438,0.414,0.337,0.294,0.466,0.311,0.356,0.428,0.47,0.529,0.748,0.94,0.942,0.891,0.979,1.073
360,80.77,91.5,97.98,74.15,61.34,54.67,65.19,66.37,80.03,103.7,130.4,157.9,155.2,122.4,92.54,72.31,63.01,55.88,48.64,41.09,26.5,23.43,24.97,24.78,43.33,105.7,219.4,1792,3663,1783,3.491,1.661,1.138,0.999,0.766,0.566,0.531,0.646,0.4,0.482,0.421,0.385,0.369,0.402,0.439,0.272,0.397,0.462,0.421,0.307,0.28,0.376,0.359,0.339,0.355,0.401,0.289,0.396,0.425,0.437,0.542,0.649,0.76,0.728,0.838,0.909,0.896
365,66.01,83.02,97.84,68.19,54.02,53.13,59.03,65.32,75.11,94,119.2,141.7,137.1,114.8,88.47,71.57,64.95,57.83,53.47,47.41,38.77,26.32,28.97,24.6,25.45,34.15,56.74,435,2418,3660,44.05,4.724,1.798,0.958,0.839,0.689,0.7,0.411,0.561,0.494,0.483,0.293,0.353,0.36,0.292,0.453,0.408,0.596,0.409,0.291,0.297,0.374,0.298,0.364,0.361,0.309,0.459,0.375,0.437,0.685,0.522,0.64,0.625,0.654,0.702,0.953,0.895
370,65.96,69.7,84.66,63.63,53.44,54.38,56.45,61.16,70.51,86.39,105.4,123.4,118.6,106.7,85.68,74.3,67.99,62.32,61.54,55.34,49.24,40.01,26.49,29.82,25.88,22.9,24.11,105.5,589.7,2089,1952,753.2,2.777,1.611,1.218,0.78,0.719,0.551,0.439,0.566,0.473,0.468,0.491,0.307,0.449,0.421,0.358,0.433,0.4,0.375,0.253,0.315,0.355,0.321,0.373,0.275,0.458,0.485,0.447,0.589,0.529,0.637,0.586,0.575,0.631,0.753,0.828
375,45.53,68.14,67.31,59.26,51.31,56.64,57.13,60.16,71.15,75.74,96.47,105.7,110.5,94.61,83.06,76.74,70.03,67.19,65.69,61.24,57.49,49.41,42.58,42.04,28.4,24.67,20.81,35.23,139,473.3,1005,3376,1154,3.317,1.697,0.991,0.917,0.738,0.755,0.624,0.526,0.457,0.414,0.519,0.501,0.395,0.348,0.432,0.516,0.325,0.276,0.258,0.345,0.365,0.352,0.232,0.435,0.43,0.47,0.535,0.49,0.553,0.598,0.547,0.706,0.579,0.753
380,63.32,68.22,74.35,65.36,57.12,60.41,56.64,62.74,67.25,73.07,88.37,101.4,101.6,91.23,83.37,75.36,72.89,71.23,68.36,66.51,61.16,56.01,50.26,41.48,24.28,28.99,22.72,21.6,41.14,113.3,239.1,1754,3492,29.31,4.338,1.631,0.745,0.677,0.634,0.767,0.405,0.451,0.353,0.377,0.524,0.435,0.408,0.349,0.379,0.27,0.264,0.35,0.389,0.319,0.361,0.417,0.441,0.374,0.398,0.527,0.588,0.424,0.653,0.833,0.626,0.601,0.693
385,59.57,66.41,63.27,64.78,59.38,54.88,56.43,60.46,65.54,75.63,83.9,94.86,96.72,90.15,81.21,75.32,72.38,73.35,72.41,69.48,64.62,60.77,55.65,46.37,32.3,32.69,26.04,21.18,21.68,34.33,60.53,431.1,2263,2864,49.7,2.716,1.356,1.143,0.695,0.615,0.479,0.631,0.419,0.461,0.361,0.4,0.505,0.423,0.443,0.295,0.398,0.434,0.404,0.357,0.472,0.489,0.406,0.433,0.4,0.461,0.561,0.439,0.536,0.616,0.514,0.575,0.585
390,54.45,60.22,62.08,65.31,59.12,60,60.73,59.46,65.44,71.36,80.64,87.14,88.59,85.79,79.11,75.84,75.83,75.96,73.92,72.62,67.1,63.19,59.14,50.82,41.79,34.1,29.45,25.57,21.11,20.14,22.91,102.7,561.7,1805,1792,562.4,3.269,1.296,0.839,0.773,0.614,0.558,0.496,0.344,0.442,0.497,0.522,0.321,0.389,0.296,0.491,0.43,0.303,0.412,0.383,0.509,0.381,0.457,0.421,0.49,0.55,0.504,0.508,0.563,0.518,0.667,0.614
395,45.41,63.23,62.56,58.43,59.53,66.2,59.79,60.61,64.61,71.91,76.99,83.99,85.97,81.69,78.89,76.11,77.31,77.99,75.87,75.26,70.3,65.8,61.36,57.19,48.2,41.51,32.86,29.92,25.52,20.77,17.15,31.57,131.1,408,929.2,2824,1808,3.411,1.417,0.985,0.727,0.588,0.526,0.522,0.65,0.575,0.518,0.403,0.484,0.365,0.389,0.501,0.33,0.449,0.407,0.469,0.454,0.488,0.457,0.528,0.491,0.556,0.481,0.675,0.536,0.509,0.433
400,50.57,64.32,66.97,58.94,61.53,70.44,59.9,65.07,65.95,72.25,72.72,80.82,81.24,77.9,76.93,77.3,77.36,77.88,75.41,75.72,71.24,68.32,65.73,59.77,53.17,45.07,34.79,27.26,27.86,23.31,18.36,17.54,37.6,95.98,222.3,1541,2925,44.65,5.572,1.227,0.711,0.569,0.514,0.61,0.577,0.539,0.529,0.443,0.411,0.464,0.528,0.433,0.348,0.504,0.411,0.416,0.523,0.632,0.547,0.52,0.437,0.598,0.526,0.679,0.628,0.479,0.393
405,49.08,59.3,65.63,67.35,61.24,61.49,61.44,64.58,64.81,67.61,73.25,74.28,79.95,76.3,74.77,75,78.7,77.21,77.27,76.22,72,68.58,66.27,61.46,55.7,48.92,42.03,32,29.28,25.94,20.67,15.72,17.43,27.65,54.39,385.7,1939,1045,63.24,2.239,1.062,0.872,0.602,0.573,0.427,0.379,0.457,0.448,0.38,0.347,0.427,0.408,0.396,0.549,0.351,0.413,0.402,0.532,0.497,0.437,0.432,0.5,0.545,0.645,0.598,0.521,0.603
410,46.04,64.98,65.94,64.92,63.15,64.14,62.34,64.78,65.93,67.3,74.75,73.27,74.86,76.03,72.93,73.56,74.79,75.69,75.34,75.19,71.77,67.79,64.56,60.89,55.63,50.35,46.67,37.48,32.06,29.02,24.13,18.25,14.84,14.21,18.01,90.3,486.2,1220,1648,574.9,2.771,1.258,0.948,0.752,0.53,0.463,0.512,0.492,0.431,0.397,0.377,0.385,0.377,0.426,0.47,0.454,0.517,0.427,0.497,0.366,0.444,0.552,0.552,0.644,0.551,0.461,0.548
415,55.09,56.59,57.3,56.99,64.23,66.69,68.59,63.85,61.93,68.71,71.94,72.64,75.13,71.74,69.69,71.77,73.49,73.31,73.99,72.52,68.93,66.83,64.76,60.73,57.06,51.86,48.34,43.26,36.15,29.25,26.74,21.69,17.22,13.18,10.66,25.4,112.2,277.5,840.7,2271,1287,5.293,0.956,0.941,0.547,0.598,0.453,0.607,0.271,0.38,0.352,0.363,0.386,0.5,0.465,0.447,0.514,0.453,0.572,0.491,0.44,0.472,0.564,0.536,0.466,0.417,0.536
420,61.9,50.17,63.99,63.23,64.01,63.4,62.75,64.13,64.26,64.98,73.1,70.44,69.58,68.92,65.94,67.61,69.89,69.62,70.27,69.98,67.71,66.14,62.46,58.91,55.2,52.8,48.69,42.92,39.8,31.67,27.65,23.48,18.46,13.69,10.26,11.94,29.66,65.38,203.7,1275,2344,55.52,4.496,1.347,0.854,0.695,0.541,0.713,0.372,0.453,0.357,0.405,0.392,0.5,0.399,0.524,0.505,0.525,0.658,0.555,0.442,0.507,0.598,0.441,0.539,0.36,0.526
425,25.12,57.75,54.91,59.31,59.13,58.38,63.65,63.76,66.45,68.08,67.57,69.53,67.15,65.84,65.48,64.27,66.69,67.6,68.7,67.93,64.48,63.26,61.47,57.71,54.37,53.38,47.61,46.37,39.78,34.62,27.99,24.19,19.73,14.89,11.49,9.037,11.49,18.26,48.86,328.1,1650,1298,235.5,1.581,1.146,0.998,0.545,0.65,0.408,0.503,0.34,0.391,0.386,0.424,0.413,0.491,0.554,0.503,0.444,0.466,0.419,0.574,0.441,0.516,0.514,0.444,0.575
430,-36.84,36.59,59.15,53.27,58.55,59.51,60.13,62.78,64.17,66.5,66.19,64.65,63.73,61.73,62.5,61.65,61.64,64,64.37,63.17,61.72,60.1,58.38,55.67,53.32,51.43,47.29,44.91,41.47,36.8,31.48,24.48,21.25,17.07,12.94,10.22,8.506,8.134,14.4,75.58,421.9,1150,1526,508.2,2.782,1.046,0.953,0.717,0.599,0.42,0.431,0.412,0.38,0.523,0.476,0.449,0.424,0.493,0.413,0.577,0.505,0.595,0.571,0.531,0.565,0.527,0.484
435,62.85,-38.15,53.69,56.19,56.1,56.11,59.4,64.2,61.81,61.62,65.33,65.17,60.69,58.29,58.85,57.83,57.67,59.43,59.15,59.38,58.11,57.73,56.16,54.91,50.66,49.67,47.05,45.54,41.71,37.88,33.94,28.45,20.53,17.22,14.94,11.97,8.986,7.103,6.991,19.91,96.26,261.1,782.7,2081,29.42,5.208,1.14,0.756,0.701,0.549,0.392,0.456,0.332,0.596,0.463,0.463,0.427,0.561,0.446,0.475,0.545,0.569,0.426,0.453,0.515,0.521,0.563
440,-241.7,-305.7,43.26,53.48,58.1,53.51,59.16,58.91,59.88,66.11,64.09,64.42,61.61,56.41,56.26,54.68,54.83,56,56.92,57.58,55.62,54.33,52.77,52.05,50.16,48.05,47.1,44.81,42.11,39.26,35.53,28.92,23.93,19.28,16.36,12.53,10.29,7.268,6.141,7.817,24.16,60.23,191.3,1247,1989,55,2.853,1.181,1.035,0.646,0.509,0.485,0.329,0.404,0.474,0.448,0.416,0.544,0.414,0.537,0.423,0.542,0.419,0.433,0.409,0.505,0.507
445,-102.1,-184.6,-10.76,57.13,48.61,53.19,59.79,54.37,61.46,62.2,61.8,62.47,59.91,55.2,52.37,51.29,51.58,54.26,52.97,54.78,51.38,52.81,50.54,50.03,47.71,45.51,47.21,43.48,42.18,39.69,35.23,29.65,24.67,18.74,16.35,12.9,10.73,8.181,6.359,5.563,8.615,16.12,45.53,327,1602,1174,2.443,1.523,0.961,0.611,0.747,0.554,0.34,0.374,0.446,0.411,0.326,0.479,0.426,0.542,0.519,0.441,0.381,0.468,0.497,0.455,0.398
450,-1.404,-97.19,-213.5,37.44,45.87,48.2,55.28,55.41,59.76,61.13,59.53,56.88,55.17,49.98,49.44,48.18,47.85,49.58,49.61,49.12,46.97,47.62,46.18,45.81,44.97,43.56,43.53,41.29,40.46,37.27,34.09,30.16,25.29,20.17,16.43,13.4,11.12,8.689,6.917,5.463,5.28,6.203,12.56,74.99,420.5,1159,1372,746.6,2.927,0.939,0.504,0.641,0.413,0.423,0.448,0.409,0.359,0.44,0.408,0.466,0.421,0.429,0.453,0.43,0.458,0.398,0.393
455,15.61,45.61,0,-5.999,46.22,47.59,48.34,49.77,53.06,53.99,54,53.67,49.97,47.21,45.1,44.42,44.21,44.06,46.19,43.16,43.38,42.89,42.05,41.22,41.49,39.86,40.33,39.2,38.21,36.94,33.72,28.98,25.4,20.17,16.81,13.58,11.23,9.483,7.255,5.978,5.032,4.415,5.296,18.88,95.57,263.9,709.4,1885,28.87,4.333,0.801,0.757,0.484,0.515,0.395,0.586,0.404,0.439,0.364,0.443,0.376,0.471,0.429,0.543,0.47,0.341,0.348
460,22.43,30.87,24.46,-237.1,41.82,41.4,47.68,42.56,48.86,51.27,51.09,53.28,47.34,43.09,41.78,40.5,41,39.37,42.11,39.27,40.01,39.68,37.8,38.32,38.78,37,36.09,36.73,36.51,34.95,32.3,27.74,25.24,20.5,17.52,12.99,10.83,9.331,7.56,6.439,5.117,4.468,3.772,6.513,23.29,60.4,172.2,1086,990,45.61,3.56,0.951,0.709,0.59,0.591,0.387,0.49,0.511,0.405,0.383,0.457,0.457,0.303,0.43,0.351,0.459,0.425
465,17.32,28.03,15.5,-74.48,6.98,38.61,40.48,40.66,47.98,47.14,47.65,48.26,44.15,41.21,37.58,37.15,38.01,37.93,38.37,37.46,36.4,35.57,34.93,34.99,35.26,34.78,34.46,34.58,34.09,33.38,29.84,27.38,23.82,20.02,17.16,14.46,11.31,9.386,7.745,7.066,5.056,4.536,3.398,3.917,7.237,15.36,40.1,283.1,1161,908.6,180.7,1.331,0.884,0.539,0.743,0.486,0.454,0.385,0.324,0.409,0.436,0.46,0.466,0.353,0.397,0.309,0.387
470,4.196,16.2,18.83,-62.14,-89.19,49.21,35.08,41.78,43.7,41.39,45.79,44.37,40.91,37.33,33.63,33.8,33.38,32.56,33.18,32.44,31.96,31.73,30.44,31.12,31.37,30.74,30.65,30.46,31.14,29.65,27.54,25.45,22.69,19.6,16.58,14.24,12.15,9.313,8.378,6.681,5.428,4.639,3.704,3.342,3.504,5.082,10.53,64.83,305.4,858.4,1103,602,3.038,0.754,0.542,0.498,0.543,0.494,0.392,0.386,0.356,0.426,0.443,0.38,0.536,0.324,0.334
475,9.609,15.24,24.42,-8.711,0,16.05,34.83,33.88,35.8,38.03,41.5,37.95,38,35.42,30.37,30.41,28.81,28.84,28.57,27.56,27.24,27.61,26.53,26.84,27.84,26.94,27.25,27.25,27.81,26.44,24.8,23.02,20.3,17.92,16.15,13.39,11.66,9.322,7.777,6.401,5.559,4.329,4.284,3.523,2.944,3.022,3.787,16.21,69.44,194.8,506.8,1352,39,5.459,0.696,0.671,0.61,0.56,0.29,0.47,0.488,0.456,0.502,0.36,0.383,0.332,0.397
480,10.31,14.28,25,7.846,193,-137.9,37.06,34.44,33.94,37.81,39.24,36.8,36.88,32.55,29.59,27.66,26.17,26.17,25.68,27.07,25.37,25.28,23.88,24.67,25.39,24.36,24.54,24.59,24.81,24.46,23.78,22.05,18.55,16.98,14.76,12.88,11.4,9.572,7.575,7.631,5.006,4.538,4.277,3.373,2.7,2.6,2.496,5.216,16.84,44.61,121,724.6,1249,63.81,3.858,0.923,0.651,0.679,0.396,0.406,0.585,0.376,0.462,0.333,0.321,0.338,0.382
485,15.07,16.99,17.3,20.93,172.7,-115.6,26.84,35.13,31.92,33.7,35.94,33.63,32.91,30.51,26.44,23.69,24.51,23.69,24.31,23.24,22.89,23.3,22.21,22.29,22.93,22.29,22.8,22.78,22.68,22.48,21.65,20.47,18.15,16.83,14.7,12.39,11.15,9.507,8.003,7.57,5.35,5.027,4.146,3.606,2.817,2.614,2.207,2.622,5.159,11.3,28.04,186.4,932.1,1172,2.523,1.51,0.898,0.465,0.383,0.605,0.377,0.329,0.475,0.337,0.311,0.402,0.305
490,17.2,13.38,2.942,18.41,42.62,133.5,-69.49,30.01,30.23,32.89,34.43,30.99,29.31,26.55,24.07,21.75,22.31,20.84,22.14,20.98,20.5,20.68,20.52,20.51,20.64,20.89,20.76,20.89,21.76,21.53,20.81,19.1,17.34,15.56,13.78,11.96,10.23,9.022,7.882,6.623,5.549,4.579,4.247,3.54,3.196,2.533,2.153,2.038,2.351,3.569,7.241,42.47,236.9,747.7,1080,652.1,3.18,0.692,0.588,0.527,0.503,0.332,0.39,0.376,0.349,0.293,0.358
495,19.7,15.54,1.931,20.18,28.12,120.9,163.4,6.258,26.24,29.96,33.07,30.78,26.69,24.73,21.45,21.15,20.82,19.77,19.1,18.44,17.49,17.81,18.07,17.76,18.68,18.16,18.57,18.45,19.21,19.57,18.2,17.85,16.02,14.61,12.79,11.46,9.678,8.756,7.469,6.44,5.87,4.513,4.624,4.143,3.062,2.743,2.302,2.015,1.756,2.022,2.538,10.42,53.64,169,464,1390,39.49,5.555,0.916,0.508,0.484,0.344,0.492,0.431,0.338,0.254,0.387
500,17.44,16.72,12.14,8.359,19.96,47.23,71.26,-70.61,24.36,28.23,30,27.84,24.91,22.27,20.29,19.76,18.84,17.92,17.26,16.69,16.49,16.36,16.18,16.66,16.83,16.25,16.6,16.97,16.72,18.34,17.01,16.03,14.45,13.09,11.86,9.985,9.214,8.36,7.176,6.427,5.659,4.393,4.805,3.479,3.094,2.521,2.357,1.907,1.815,1.866,1.438,3.296,12.87,38.61,109.5,685.7,1296,69.33,6.11,0.709,0.634,0.592,0.606,0.424,0.286,0.245,0.234
505,6.249,10.28,9.773,0.181,20.96,25.36,60.78,17.17,12.69,26.72,27.34,24.83,23.42,21.12,20.04,18.16,15.94,16.18,15.2,15.15,14.92,14.53,14.12,14.42,14.64,15,14.44,15.79,15.08,16.17,15.59,14.76,13.18,12.08,11.36,9.743,8.948,7.226,6.666,5.941,5.221,4.593,4.437,3.273,3.044,2.508,2.387,2.006,1.589,1.699,1.248,1.71,3.78,9.579,25.46,169.7,845.1,1160,242.5,2.106,0.548,0.515,0.495,0.448,0.322,0.191,0.295
510,9.332,12.52,11.9,4.861,12.91,18.47,31.46,269.3,-246.3,22.59,22.49,22.26,20.07,17.87,16.43,15.45,14.24,13.61,13.01,13.3,12.9,12.46,12.9,12.26,12.46,13.24,13.05,13.5,13.51,14.13,13.9,12.96,11.76,10.62,9.982,8.524,8.047,6.999,6.128,5.367,4.854,4.544,3.526,3.328,2.637,2.636,2.051,1.974,1.508,1.524,1.221,1.168,1.62,2.992,6.64,38.73,208.8,646.3,950,552.6,3.348,0.658,0.493,0.447,0.442,0.253,0.282
515,12.66,10.73,12.26,10.69,6.936,14.71,18.83,197.2,-99.22,9.887,18.05,20.56,17.43,14.74,14.29,13.22,12.6,11.04,10.86,11.46,10.38,10.61,11.72,11.22,11.1,11.09,11.79,12.24,11.45,11.79,12.09,10.77,10.47,9.709,8.627,8.062,7.106,6.311,5.496,5.056,4.404,4.141,3.456,3.209,2.951,2.281,2.045,1.851,1.391,1.489,1.189,0.936,1.191,1.523,2.206,9.405,47.29,145.3,342.7,1039,698.1,6.353,0.585,0.518,0.231,0.395,0.229
520,6.561,10.27,12.16,12.44,-4.399,12.6,10.15,61.75,161.2,4.035,18.52,17.13,17.14,15.43,14.05,11.86,11.85,10.45,10.55,10.26,10.06,9.513,10.15,9.87,9.907,9.862,10,10.93,10.62,10.7,10.66,9.712,9.142,8.911,7.845,6.889,5.723,5.538,5.203,4.323,3.953,3.76,3.454,2.863,2.489,2.375,2.072,1.804,1.532,1.482,1.316,1.042,1.158,1.211,1.283,2.943,11.23,33.17,78.86,453.4,1072,82.59,6.65,0.625,0.394,0.183,0.211
525,7.391,7.107,10.41,13.91,7.842,2,8.629,24.5,272.4,379.2,30.33,15.83,14.66,14.02,11.99,10.43,10.29,9.725,10.08,9.753,9.016,8.967,9.051,8.915,8.809,8.498,9.23,9.178,8.965,9.788,9.22,8.627,8.104,7.909,6.933,6.816,6.071,5.099,4.877,4.28,4.087,3.381,3.056,2.584,2.354,1.804,2.042,1.943,1.463,1.429,1.328,1.088,1.118,0.925,1.009,1.442,3.113,8.438,18.38,107.6,553.2,884.4,263,2.52,0.427,0.308,0.408
530,3.749,11.75,8.933,9.769,8.392,-3.881,7.147,15.41,110.7,810.3,173.3,21.33,13.2,11.32,10.48,8.592,8.551,7.954,7.604,7.789,7.882,7.71,7.455,7.689,7.553,7.303,7.908,7.876,7.417,7.966,7.903,7.475,7.196,6.743,5.988,5.411,5.077,4.659,4.437,3.808,3.291,3.173,2.782,2.356,2.051,1.949,2.154,1.586,1.403,1.218,1.037,0.952,1.01,0.764,1.008,0.964,1.376,2.334,4.686,24.78,131.5,429.4,697.2,395.9,3.746,0.547,0.408
535,8.322,9.902,5.466,10.21,10.33,-2.471,3.001,7.042,31.12,461,815.8,14.95,11.65,9.669,9.373,7.42,7.2,6.382,6.681,6.348,6.188,6.253,6.501,6.277,5.68,6.054,6.43,6.462,6.615,6.779,7.196,6.14,6.408,5.497,5.179,4.57,4.072,4.221,3.703,3.491,3.166,2.695,2.338,2.175,1.988,1.662,1.741,0.746,1.001,1.072,0.931,0.947,0.77,0.971,0.746,0.723,0.927,0.925,1.593,5.913,29.66,96.34,220.9,684.1,66.24,6.78,0.518
540,8.056,9.674,4.189,6.591,5.757,2.42,-0.027,5.157,13.85,145.5,1069,36.58,10.54,8.312,7.891,6.436,6.928,5.814,5.725,5.61,5.397,5.333,5.465,5.194,5.159,5.571,5.353,5.075,5.645,5.615,5.769,5.208,5.519,4.885,4.122,4.089,3.495,3.366,3.367,2.939,2.63,2.166,1.992,1.83,1.981,1.529,1.613,1.231,1.215,0.954,0.872,0.725,0.758,0.816,0.542,0.586,0.637,0.816,0.814,1.773,7.159,21.8,50.5,268.4,629.9,107.6,6.464
545,11.93,10.04,9.472,8.31,4.107,4.835,-2.263,8.177,9.675,43.06,780.4,569.4,13.31,7.596,6.843,5.112,5.757,5.072,5.289,5.132,4.664,4.81,4.381,4.729,4.905,4.491,4.515,4.94,5.044,4.856,4.792,4.657,4.825,4.111,3.642,3.385,3.11,3.266,2.799,2.795,2.295,2.201,1.954,1.495,1.525,1.558,1.415,0.841,0.965,0.941,0.72,0.72,0.744,0.624,0.636,0.533,0.637,0.603,0.645,0.802,2.121,5.274,11.65,62.99,310.1,600.3,251.6
550,16.18,13.2,6.82,5.344,7.119,4.69,-1.297,-1.241,9.155,17.15,247.3,898.2,222.4,8.012,6.502,5.107,4.94,4.398,3.865,4.142,4.148,3.927,3.979,3.697,3.918,3.774,3.654,3.994,4.068,4.057,3.861,3.913,3.741,3.409,3.047,2.937,2.568,2.603,2.245,2.24,1.946,1.812,1.729,1.57,1.315,1.205,1.183,1.081,1.344,0.682,0.661,0.684,0.613,0.64,0.566,0.481,0.592,0.483,0.449,0.574,0.858,1.482,3.064,14.47,72.77,258.1,496.7
555,16.83,15.55,8.629,4.55,4.134,7.663,5.308,1.16,8.524,11.16,62.18,511.4,799.5,5.319,4.119,3.722,4.567,3.63,3.301,3.399,3.779,3.247,3.171,2.867,2.912,3.078,3.092,3.106,3.3,3.383,3.158,3.388,3.019,2.818,2.722,2.279,2.055,2.089,1.995,1.923,1.654,1.407,1.391,1.233,1.232,1.122,1.026,0.809,0.801,0.594,0.613,0.412,0.474,0.535,0.557,0.585,0.474,0.389,0.343,0.479,0.546,0.678,0.972,3.606,16.62,58.01,140.5
560,22.5,12.45,7.394,5.277,3.203,5.831,2.956,6.454,5.176,10.82,22.47,158.9,962.9,28.79,5.377,2.974,3.298,2.834,2.741,3.087,2.796,2.781,3.045,2.3,2.697,2.774,2.794,2.705,2.764,3.128,2.857,2.574,2.666,2.508,1.971,2.044,1.796,1.635,1.59,1.676,1.369,1.099,1.272,1.127,1.006,1.027,0.912,0.872,0.681,0.635,0.373,0.448,0.631,0.605,0.414,0.546,0.527,0.394,0.394,0.438,0.417,0.524,0.63,0.93,3.94,13.31,31.74
565,20.3,12.65,13.02,5.831,2.871,5.385,4.312,1.386,8.434,10.07,15.71,45.88,630.3,437.5,14.59,3.657,2.905,2.292,2.303,2.358,2.367,2.183,2.454,2.451,2.376,2.643,1.859,2.172,2.598,2.47,2.5,2.174,2.538,2.342,1.944,1.834,1.713,1.319,1.386,1.297,1.237,1.062,1.035,1.122,1.009,0.94,0.975,0.688,0.668,0.566,0.385,0.47,0.541,0.368,0.441,0.562,0.467,0.448,0.506,0.257,0.393,0.352,0.35,0.416,1.049,3.249,7.475
570,21.34,22.16,14.07,7.859,3.815,3.533,5.999,4.353,3.321,12.23,19.07,26.86,209.6,705.8,108.1,4.437,2.333,2.374,2.133,2.095,2.071,1.991,2.099,1.992,2.022,2.055,1.842,1.797,1.881,2.081,2.023,1.876,1.848,1.737,1.552,1.445,1.496,1.24,1.286,0.984,1.153,0.992,0.888,0.973,0.844,0.859,0.704,0.624,0.684,0.496,0.314,0.382,0.242,0.364,0.402,0.38,0.415,0.324,0.354,0.276,0.289,0.376,0.342,0.386,0.448,1.042,1.983
575,34.37,29.29,17.12,10.14,1.857,4.598,6.222,9.364,7.749,15.98,27.04,31.57,70.23,401,418.9,8.754,3.304,1.74,1.85,1.387,1.816,1.61,1.69,1.628,1.335,1.646,1.269,1.45,1.572,1.726,1.494,1.525,1.323,1.325,1.199,1.305,1.217,1.027,1.136,0.896,1.033,0.886,0.749,0.802,0.756,0.595,0.734,0.464,0.562,0.48,0.335,0.468,0.336,0.543,0.319,0.28,0.339,0.258,0.278,0.333,0.309,0.275,0.302,0.276,0.28,0.485,0.675
580,35.48,35.95,17.58,11.76,7.212,4.076,5.363,10.43,12.48,18.5,32.99,35.32,41.31,131.4,589.8,41.92,3.005,1.911,1.558,1.406,1.378,1.208,1.495,1.308,1.314,1.244,1.019,1.074,1.33,1.365,1.173,1.346,1.148,1.044,0.933,1.104,1.116,0.846,1.058,0.857,0.775,0.874,0.591,0.716,0.787,0.526,0.651,0.457,0.464,0.504,0.331,0.404,0.352,0.49,0.241,0.236,0.292,0.247,0.353,0.347,0.247,0.36,0.35,0.295,0.327,0.336,0.37
585,33.06,36.15,25.57,11.48,6.852,5.328,6.141,12.06,15.67,22.71,32.57,40.39,37.57,45.18,440.4,184.8,5.792,1.911,1.255,1.283,1.097,1.031,1.547,1.246,0.965,1.126,1.143,1.017,1.234,1.16,1.049,1.085,0.898,1.132,0.481,0.702,0.78,0.793,0.681,0.643,0.695,0.599,0.56,0.684,0.503,0.488,0.485,0.478,0.374,0.404,0.346,0.293,0.28,0.174,0.256,0.24,0.33,0.346,0.246,0.387,0.238,0.24,0.43,0.268,0.318,0.379,0.407
590,36.39,38.63,26.85,11.92,7.696,5.069,7.982,12.03,17.21,28.53,33.23,45.9,40.51,27.08,146.1,397.7,32.62,1.521,1.108,0.964,1.056,1.084,1.02,1.109,1.002,1.022,0.944,1.074,1.051,1.03,0.937,0.861,0.823,0.811,0.723,0.465,0.568,0.607,0.6,0.548,0.449,0.522,0.496,0.547,0.352,0.433,0.373,0.513,0.351,0.37,0.264,0.306,0.165,0.258,0.302,0.214,0.317,0.315,0.253,0.325,0.265,0.25,0.376,0.323,0.347,0.409,0.36
595,31.54,37.73,29.1,12.57,8.522,6.579,5.497,14.11,21.5,28.19,38.45,45.3,43,24.28,37.44,242.5,222.9,1.566,1.313,1.052,0.932,0.786,0.856,0.746,0.796,0.872,0.686,0.939,0.75,0.64,0.866,0.716,0.603,0.732,0.668,0.485,0.499,0.63,0.539,0.447,0.493,0.429,0.518,0.439,0.537,0.416,0.36,0.336,0.285,0.291,0.33,0.206,0.181,0.225,0.26,0.028,0.171,0.209,0.163,0.205,0.325,0.288,0.324,0.347,0.302,0.42,0.352
600,28.3,37.05,33.78,12.97,8.975,5.036,6.131,13.03,19.86,29.78,41.79,47.06,42.28,22.57,13.94,76.06,403.6,-13.72,0.569,1.157,0.767,0.881,0.914,0.837,0.815,0.584,0.631,0.813,0.72,0.661,0.697,0.831,0.598,0.703,0.599,0.425,0.184,0.243,0.514,0.272,0.448,0.435,0.349,0.399,0.462,0.366,0.323,0.37,0.285,0.286,0.221,0.181,0.221,0.198,0.25,0.166,0.226,0.1,0.149,0.247,0.316,0.239,0.259,0.306,0.353,0.347,0.41
